name,uri,genres,artists,mood
July,5a6pdCHlWS2ekOOQ70QnAr,"['alt z', 'pop']",Noah Cyrus,sad
everything i wanted,3ZCTVFBt2Brf31RLEnCkWJ,"['art pop', 'pop']",Billie Eilish,sad
Again (feat. XXXTENTACION),2S2od3hT7ceytw7d1pTRuE,"['alt z', 'pop']",Noah Cyrus,sad
Slide Away,44ADyYoY5liaRa3EOAl4uf,['pop'],Miley Cyrus,sad
Younger Now,2fGxYYMQbVqgIdaqfz2OwA,['pop'],Miley Cyrus,sad
Malibu,1UZOjK1BwmwWU14Erba9CZ,['pop'],Miley Cyrus,sad
Ultraviolence,1y3r6RXiJZNBV1EI0NggpS,"['art pop', 'pop']",Lana Del Rey,sad
West Coast,5Y6nVaayzitvsD5F7nr3DV,"['art pop', 'pop']",Lana Del Rey,sad
Born To Die,487OPlneJNni3NWC8SYqhW,"['art pop', 'pop']",Lana Del Rey,sad
Blue Jeans,2lFTzUnuGaWlWHJQokjRyb,"['art pop', 'pop']",Lana Del Rey,sad
Gods & Monsters,1TogTbSn3xkbapb6OUxRvq,"['art pop', 'pop']",Lana Del Rey,sad
13 Beaches,3ZKRAzNAsiJrBGUM2BX9av,"['art pop', 'pop']",Lana Del Rey,sad
Summer Bummer (feat. A$AP Rocky & Playboi Carti),5QqyRUZeBE04yJxsD1OC0I,"['art pop', 'pop']",Lana Del Rey,sad
hope is a dangerous thing for a woman like me to have - but I have it,0fB77VOZ2FkQeKLv1DuEwp,"['art pop', 'pop']",Lana Del Rey,sad
when the party's over,43zdsphuZLzwA9k4DJhU0I,"['art pop', 'pop']",Billie Eilish,sad
Fault Line,6FS0pEVSEnIyGSaQLnfgWV,[],Jack River,sad
Chanel,6Nle9hKrkL1wQpwNfEkxjh,"['lgbtq+ hip hop', 'neo soul']",Frank Ocean,sad
In My Room,4S4Mfvv03M1cHgIOJcbUCL,"['lgbtq+ hip hop', 'neo soul']",Frank Ocean,sad
Fake You,2ZjdNFPXtVdIMJeDBJBHj8,['nyc pop'],Yoke Lore,sad
Disparate Youth,0t2QiRkpag0fAgs9zuCPlH,"['alternative dance', 'art pop', 'indietronica', 'neo-synthpop']",Santigold,sad
Angels,67kXYrMTQbS7MVbXyGyxHm,"['pop', 'pop r&b']",Khalid,sad
Cold Blooded,34izzOmykADkGT27pUjUvJ,"['pop', 'pop r&b']",Khalid,sad
The Blackest Day,45pI8224KKX9Gx5fiyvEAh,"['art pop', 'pop']",Lana Del Rey,sad
Somebody Else,5hc71nKsUgtwQ3z52KEKQk,['singer-songwriter pop'],The 1975,sad
Down The Line,0GixW2r7DQK76xOxMmKn8S,"['chamber pop', 'gothenburg indie', 'indie folk', 'stomp and holler', 'swedish indie folk', 'swedish indie pop', 'swedish singer-songwriter']",José González,sad
Take It Easy - Matstubs Remix,12tqBVgDHj9Rue21Hedhyg,['metropopolis'],Jetta,sad
Blood,13yuX1iqobZtQtq5lr8UoC,"['australian indie', 'australian indie folk', 'chamber pop']",The Middle East,sad
Warning Sign,4bPkBHKLKd9WHizsvM2zV3,"['permanent wave', 'pop']",Coldplay,sad
Cold,1QWmKmqhv5zcsS3v45FNl0,"['dfw rap', 'melodic rap', 'pop', 'rap']",Post Malone,sad
Vessels,7cQbC225OQ0nloBmokoz15,[],Rationale,sad
Million Reasons,7dZ1Odmx9jWIweQSatnRqo,"['art pop', 'dance pop', 'pop']",Lady Gaga,sad
Joanne,2kecdnlyueotEMC8rdNlf6,"['art pop', 'dance pop', 'pop']",Lady Gaga,sad
Julia,3oUSdLtRYOSvXcLMrHctv7,"['pop', 'r&b', 'rap']",SZA,sad
All Mine,3qnoOm4fwZPBS116f5hpgF,"['chicago rap', 'hip hop', 'rap']",Kanye West,sad
You And I - SAINT WKND Remix,43vJhPJKdY2aLz7bODyrtg,['indie pop'],LÉON,sad
Till It Kills Me,2TxwpbAX50crEfmLJlQ34i,['comic'],Montaigne,sad
Vague Utopia,3f9RnZCszU0knCrrRnzAal,"['australian indie', 'brisbane indie']",Tia Gostelow,sad
My Tears Are Becoming A Sea,1Fwj0wThn3kTg8D7KgWdsU,"['french shoegaze', 'french synthpop', 'indietronica', 'metropopolis', 'neo-synthpop']",M83,sad
Formula,6EtKlIQmGPB9SX8UjDJG5s,"['indie poptimism', 'pop']",Labrinth,sad
Forever,6potEImiklXkwD9qFzpu15,"['indie poptimism', 'pop']",Labrinth,sad
Still Don't Know My Name,6N22FZs2ZhPBYi3b9XPajV,"['indie poptimism', 'pop']",Labrinth,sad
All For Us - from the HBO Original Series Euphoria,10hMM5nsZQf66ldBlgWBfG,"['indie poptimism', 'pop']",Labrinth,sad
go with u,4PdLup4OaCGktZG8cvbkBz,"['indie electropop', 'vapor soul']",BAYNK,sad
Oblivion,79npfYK6N5RnBc1jiaoHCr,"['french shoegaze', 'french synthpop', 'indietronica', 'metropopolis', 'neo-synthpop']",M83,sad
Only - Kaskade x Lipless Remix,3Zr4ARt0R9K8kQ8EqfUmZt,"['indie anthem-folk', 'indie folk']",RY X,sad
Solitude - Felsmann + Tiley Reinterpretation,5SOA0gaKMMp9cgwn3nuwk7,"['french shoegaze', 'french synthpop', 'indietronica', 'metropopolis', 'neo-synthpop']",M83,sad
Berlin,7BSMSvK0WxrDeI98bswYa8,"['indie anthem-folk', 'indie folk']",RY X,sad
Fragile,0L6UCE1Y0KX3MF2AtxlntI,"['edm', 'pop', 'pop dance', 'tropical house']",Kygo,sad
When I R.I.P.,2t16D9V5FmmRAJjsSpwvZf,"['indie poptimism', 'pop']",Labrinth,sad
You're Somebody Else,0pdKRp2sUthTPe7RLWpPqQ,"['indie pop', 'scandipop', 'swedish indie folk']",flora cash,sad
drivers license,7lPN2DXiMsVn7XUKtOW1CS,['pop'],Olivia Rodrigo,sad
ANIME,5vaBFN8ahWMA20WQOCh9dy,"['australian electropop', 'dark r&b']",JOY.,sad
"Hey, Ma",0d6bZwEAi1XblGRhnzPfgC,['pop'],Bon Iver,sad
Happiest Year,5kcvBnt6DPX3AMEsCx1qDh,['indie poptimism'],Jaymes Young,sad
My Night (feat. 070 Shake),3eMWOXPFCICZrRlKvwSlLi,"['brostep', 'edm', 'electro house', 'electronic trap', 'livetronica']",Keys N Krates,sad
Hallucinogenics - Vallis Alps Remix,2MpXDQlvNEbPcauGXgnHhv,['pov: indie'],Matt Maeson,sad
Ribs,0TEekvXTomKt3hdXDZxxeW,"['art pop', 'metropopolis', 'nz pop', 'pop']",Lorde,sad
Buzzcut Season,3ShTaJBCOclymogQNzPde7,"['art pop', 'metropopolis', 'nz pop', 'pop']",Lorde,sad
Anyone,31qCy5ZaophVA81wtlwLc4,"['canadian pop', 'pop']",Justin Bieber,sad
Remember When,5naar7XewEOAjOywIp6Jjq,['pov: indie'],Wallows,sad
IDK You Yet,0j1Ia2lQWrcXrQZI4AdJlk,"['alt z', 'singer-songwriter pop']",Alexander 23,sad
you broke me first,45bE4HXI0AwGZXfZtMp8JR,['pop'],Tate McRae,sad
Infinity,1SOClUWhOi8vHZYMz3GluK,['indie poptimism'],Jaymes Young,sad
Love In The Dark,7B5Npv8NjjTCzk8PLpU66h,"['british soul', 'pop', 'pop soul', 'uk pop']",Adele,sad
Fire for You,4o0LyB69tylqDG6eTGhmig,['chillwave'],Cannons,sad
September,6q4p2BhVOAEDJPeXpV2pkC,"['coupe-decale', 'mapouka', 'zouglou']",Ayoni,sad
NDA,38GBNKZUhfBkk3oNlWzRYd,"['art pop', 'pop']",Billie Eilish,sad
Bored,04sN26COy28wTXYj3dMoiZ,"['art pop', 'pop']",Billie Eilish,sad
Happier Than Ever,4RVwu0g32PAqgUiJoXsdF8,"['art pop', 'pop']",Billie Eilish,sad
We Stayed Up All Night,7eSWgAlmLPXbGxgH3RNoWh,[],Tourist,sad
happier,2tGvwE8GcFKwNdAXMnlbfl,['pop'],Olivia Rodrigo,sad
Junkie,4XB6arHA49I5086SjtkzAo,"['edm', 'melodic dubstep', 'pop dance']",Nevve,sad
Lost Light Shining,5Moj2vbz381V1Gs90ZeyvI,['nyc pop'],Luke Mitrani,sad
deja vu,6HU7h9RYOaPRFeh0R3UeAr,['pop'],Olivia Rodrigo,sad
Another Love,7otCGmgp9h4CsR2LhwB6gt,['chill pop'],Tom Odell,sad
Wait 2.0,4Vjhj4ooAi0P96xk6Vj3lp,['vapor soul'],NoMBe,sad
Flares - pronouncedyea Remix,3Z1S55vpRB4QCp0oAPYTC3,"['hip hop', 'rap', 'slap house']",MADI,sad
Neon Blood,1QEUvmwVPOi9hACXQuPp2P,[],nocloud,sad
Drive,3ku4HBokJoYwSuQroRwucy,"['brooklyn drill', 'nyc rap']",OTR,sad
My Body Is a Cage,1rOlTL4pKQ9Y1fURua4AJR,"['alternative rock', 'baroque pop', 'canadian indie', 'canadian indie rock', 'chamber pop', 'indie rock', 'indietronica', 'modern rock', 'permanent wave', 'quebec indie', 'rock']",Arcade Fire,sad
Black Out Days - Future Islands Remix,3kxkjirben9RVm9NqYa6rm,"['indietronica', 'metropopolis', 'neo-synthpop']",Phantogram,sad
Mile High (feat. Travis Scott & Metro Boomin),4cQrSREMqBSvJ8ZzBZjVb8,"['art pop', 'indie soul', 'indietronica', 'uk alternative pop']",James Blake,sad
Running with the Wolves,20qtjUDcb8HH8ouF51BirQ,"['art pop', 'norwegian pop']",AURORA,sad
Runaway,0TCmhnbMpw5zwPsTvlXTJi,"['art pop', 'norwegian pop']",AURORA,sad
Wasting My Young Years,6gyv1SLABT8uU4yXbh2d9Q,"['metropopolis', 'nottingham indie']",London Grammar,sad
Rosyln,4k7x3QKrc3h3U0Viqk0uop,['pop'],Bon Iver,sad
Cold Little Heart - Radio Edit,2HL7EWAjEm5Bhpr1iWHA4C,"['british soul', 'neo soul', 'psychedelic soul', 'soul']",Michael Kiwanuka,sad
Past Lives,1Dr5JexwA15wmKe7Y7maA9,"['indie poptimism', 'modern alternative rock', 'modern rock', 'pov: indie']",BØRNS,sad
When You Were Young,70wYA8oYHoMzhRRkARoMhU,"['alternative rock', 'dance rock', 'modern rock', 'permanent wave', 'rock']",The Killers,sad
Can We Kiss Forever?,58wyJLv6yH1La9NIZPl3ne,"['sad lo-fi', 'slowed and reverb']",Kina,sad
Coming Back,3ohPMjVSAnwj1lfPbZchjR,['rebel blues'],Robin Loxley,sad
Cellar Door,2yP5Vk1oUiBeXlSqLq9czN,"['australian indie folk', 'indie folk']",Angus & Julia Stone,sad
Salam Alaykum,17NVhbuYwS2s2fVIpjuXuF,"['hip hop', 'pop rap', 'rap', 'southern hip hop', 'trap']",French Montana,sad
Mount Everest,18wCJcoFmXZ0jfrFhF6cYS,"['indie poptimism', 'pop']",Labrinth,sad
Yellow,3AJwUDP919kvQ9QcozQPxg,"['permanent wave', 'pop']",Coldplay,sad
The Scientist,75JFxkI2RXiU7L9VXzMkle,"['permanent wave', 'pop']",Coldplay,sad
Fix You,7LVHVU3tWfcxj5aiPFEW4Q,"['permanent wave', 'pop']",Coldplay,sad
Speed of Sound,7clUVcSOtkNWa58Gw5RfD4,"['permanent wave', 'pop']",Coldplay,sad
A Message,2w3eXFL86RgxGtDr8bzwgK,"['permanent wave', 'pop']",Coldplay,sad
Violet Hill,1ZqHjApl3pfzwjweTfMi0g,"['permanent wave', 'pop']",Coldplay,sad
In My Place,2nvC4i2aMo4CzRjRflysah,"['permanent wave', 'pop']",Coldplay,sad
A Rush of Blood to the Head,4JJ5zGKnb1IpERyBrfmb1y,"['permanent wave', 'pop']",Coldplay,sad
All I Want,2PwXOevGUSkU8qaYZjgLq2,"['irish pop', 'modern rock', 'neo mellow']",Kodaline,sad
To Build A Home,54KFQB6N4pn926IUUYZGzK,"['downtempo', 'nu jazz']",The Cinematic Orchestra,sad
affection,2lTtnKQgjbrBA1qnOFhBkP,"['indie pop', 'la pop', 'pov: indie']",BETWEEN FRIENDS,sad
Wait,0bM5JsBjWU4RyYlMbp0voY,"['french shoegaze', 'french synthpop', 'indietronica', 'metropopolis', 'neo-synthpop']",M83,sad
Medicine,5Zz8mrmVVhOq3iuv8Gh0MX,"['neo mellow', 'singer-songwriter']",Daughter,sad
Anchor,7qH9Z4dJEN0l9bidizW7fq,"['ambient folk', 'indie folk', 'modern indie folk']",Novo Amor,sad
It's Ok,2Iyfw8YfKruAagJwGc4G07,[],Tom Rosenthal,sad
Turning Page,42BAwiGC1egjbiJ6y512Tz,"['ambient worship', 'chamber pop']",Sleeping At Last,sad
Feeling Whitney,35r28RDot7nPE7y9K9H7l0,"['dfw rap', 'melodic rap', 'pop', 'rap']",Post Malone,sad
Bleeding Love,7wZUrN8oemZfsEd1CGkbXE,"['british soul', 'dance pop', 'pop', 'talent show']",Leona Lewis,sad
Jocelyn Flores,7m9OqQk4RVRkw9JJdeAw96,"['emo rap', 'miami hip hop', 'rap']",XXXTENTACION,sad
Not About Angels,5sF7hdYvhrcgNq8NZjfK8L,"['neo mellow', 'uk pop', 'viral pop']",Birdy,sad
jar of hearts,0HZhYMZOcUzZKSFwPOti6m,['pop'],Christina Perri,sad
Apocalypse,51QJPY4MKeIgc4XErzTnPv,"['ambient pop', 'dream pop', 'el paso indie', 'shoegaze']",Cigarettes After Sex,sad
Where's My Love,2NeM9rfWo70KQej9GxeaoL,"['indie anthem-folk', 'modern indie pop']",SYML,sad
Sign of the Times,5Ohxk2dO5COHF1krpoPigN,['pop'],Harry Styles,sad
Landfill,0v51xNSZkeHzRDBirv6KPv,"['neo mellow', 'singer-songwriter']",Daughter,sad
Holocene,35KiiILklye1JRRctaLUb4,['pop'],Bon Iver,sad
Calgary,3rL3jc6CA4SS1eqzGwR877,['pop'],Bon Iver,sad
Je te laisserai des mots,0V5cvmTKsYmF5FmGGEAfmS,"['indie folk', 'indie quebecois']",Patrick Watson,sad
Losing My Mind,3LvZJiw3K6loTGtfuSrLCM,"['indie rock', 'indietronica', 'modern alternative rock', 'modern rock', 'rock']",alt-J,sad
Jungle,5sAYqcQTEQbTbxdcqI4b8v,"['australian indie', 'brisbane indie']",Emma Louise,sad
So My Darling - Acoustic,5NtmfJwkA0AXsp2WWHviPn,['uk pop'],Rachel Chinouriri,sad
and i'd go a thousand miles,5x2qaRAkD9nwiechyghoSz,['pittsburgh rap'],Montell Fish,sad
The Wire,2fvgn1xCyf0VQ5o33ZCoc6,['vapor pop'],Vancouver Sleep Clinic,sad
Is This the End?,1RapE6rLBYcO7JHHrjYVYX,[],Derek Pope,sad
i've never felt so alone - slowed & filtered,5yJ8ZbAqFOq6wM9Il9ZcUV,['k-pop girl group'],Rising6,sad
Lydia (please make it better),04yl0gqAhDRZe3MLAncaiD,"['edm', 'house', 'stutter house']",Fred again..,sad
I’m Tired (with Zendaya) - Bonus Track,6LtHYDgYHRCHoKK3snfr2w,"['indie poptimism', 'pop']",Labrinth,sad
Fade into You,63F2nWghdifkNHVns5GT8W,['acoustic pop'],Andrew Belle,sad
Little Lies,6QpZXzHcOgXK41Y3YCx203,['canadian contemporary r&b'],ODIE,sad
I Should Go - Solo Version,50kgovuPE9wDZ0hEynlssm,"['chamber pop', 'indie folk', 'irish singer-songwriter', 'stomp and holler']",James Vincent McMorrow,sad
Only,1GxNPd5r7D1zChEMuMhue0,"['indie anthem-folk', 'indie folk']",RY X,sad
Pretty Boy,5mTNGUXYjJGVyjh3efRFY0,"['alt z', 'canadian pop', 'uk pop']",Lennon Stella,sad
As It Was,4LRPiXqCikLlN15c3yImP7,['pop'],Harry Styles,sad
Freakin' Out On the Interstate,0awZwmlC6pxH65KTZpadmX,"['nashville indie', 'pov: indie']",Briston Maroney,sad
Found,4IeGLYWTUvuqaLjBWGxix2,[],Zach Webb,sad
Lights Are On,4IhTXiZLKATmwhMZIb1GQN,[],Tom Rosenthal,sad
More,739DXmd7gWWIOIs3y2H6P9,[],Finnegan Tui,sad
Sometimes (Backwood),1ElGmhauttS9p7LwmHG9uM,['bedroom pop'],Gigi Perez,sad
The Enemy,6xJOhSm4SvZwzy3uhWz26O,['acoustic pop'],Andrew Belle,sad
Good Looking,5ZjV4yevHO1QhMw8AjyQbZ,['indie pop'],Suki Waterhouse,sad
Blue Spirits,7xXUNbWepi09rzwW1Il61B,['chill pop'],DWLLRS,sad
When the End Comes,3Et4LKZLnXygPYfNdeB3D3,['acoustic pop'],Andrew Belle,sad
Softcore,2K7xn816oNHJZ0aVqdQsha,"['modern alternative rock', 'modern rock', 'pop']",The Neighbourhood,sad
Elastic Heart,5S9lfZu1YF8xKkgSsqL2Bd,"['australian dance', 'australian pop', 'pop']",Sia,sad
Running Up That Hill (A Deal With God) - 2018 Remaster,29d0nY7TzCoi22XBqDQkiP,"['art pop', 'art rock', 'baroque pop', 'new wave pop', 'permanent wave', 'piano rock', 'singer-songwriter']",Kate Bush,sad
From Now On,0kjFrdKtGNcYGzxFjxn978,[],The Features,sad
Hollow Lover,0wqfPpcKewaI7muAVNzo2x,['pittsburgh rap'],Montell Fish,sad
Let You Go,3Q5EDW5YtRcnrWS2fTFnw1,"['indie anthem-folk', 'indie folk']",RY X,sad
Darling,6UpgMTjhFiKV3Sk0emuqDz,['pittsburgh rap'],Montell Fish,sad
Warmth,2FKngxanCgdtrWqhKuYxiC,['vapor twitch'],ford.,sad
In Dreams,0ewKJ6eM0Z761OissISTW7,"['alternative americana', 'new americana']",Sierra Ferrell,sad
Sad Cowboys and Rock and Roll,6H1CqUThJgreTvRezDhuw3,[],Van Andrew,sad
Dancing Waters,54w8ErgPhntvWQoBMfV7FC,"['pop', 'singer-songwriter pop', 'uk pop']",BLOW,sad
Damn,2KqyveLmSbgiVzZyTSoEjM,[],Nat Lefkoff,sad
Possibility,39Odj4vLKRarATkCA31gaW,"['electropop', 'indietronica', 'neo-synthpop', 'swedish electropop', 'swedish indie pop', 'swedish pop']",Lykke Li,sad
Romantic Homicide,4jonEzO6nIIBt5xPGsyOA0,['bedroom pop'],d4vd,sad
New Gold (feat. Tame Impala and Bootie Brown),64dLd6rVqDLtkXFYrEUHIU,"['alternative hip hop', 'modern rock', 'rock']",Gorillaz,sad
Hunting Shadows (Assassin's Creed),1aYGPbw7A1JKDuXyuSMQ4Z,"['art pop', 'norwegian pop']",AURORA,sad
Lençóis (Love Me),72DxIGCEAp0mEn4hLFY7G7,"['indie anthem-folk', 'indie folk']",RY X,sad
Hotel,0JzG1wJuB4v9UPkSE7LMXi,['pittsburgh rap'],Montell Fish,sad
Stargirl Interlude,5gDWsRxpJ2lZAffh5p7K0w,"['canadian contemporary r&b', 'canadian pop', 'pop']",The Weeknd,sad
I Follow Rivers - The Magician Remix,4Jv7lweGIUOFQ7Oq2AtAh9,"['electropop', 'indietronica', 'neo-synthpop', 'swedish electropop', 'swedish indie pop', 'swedish pop']",Lykke Li,sad
I Follow Rivers,336ZYcU6poBWi3s8yzRcAD,"['electropop', 'indietronica', 'neo-synthpop', 'swedish electropop', 'swedish indie pop', 'swedish pop']",Lykke Li,sad
vampire,3k79jB4aGmMDUQzEwa46Rz,['pop'],Olivia Rodrigo,sad
Somebody That I Used To Know,4wCmqSrbyCgxEXROQE6vtV,['australian pop'],Gotye,sad
Hearts A Mess,14WY9PjqIwABQF6BE386cz,['australian pop'],Gotye,sad
Mind Over Matter (Reprise),77KnJc8o5G1eKVwX5ywMeZ,"['indietronica', 'modern alternative rock', 'modern rock', 'pov: indie', 'stomp and holler']",Young the Giant,sad
Mind Over Matter,5Az8KU81g2aLBbJN67F2CI,"['indietronica', 'modern alternative rock', 'modern rock', 'pov: indie', 'stomp and holler']",Young the Giant,sad
"What Was I Made For? [From The Motion Picture ""Barbie""]",6wf7Yu7cxBSPrRlWeSeK0Q,"['art pop', 'pop']",Billie Eilish,sad
That Home,4jSuthawb7fitf3Wx3MqVM,"['downtempo', 'nu jazz']",The Cinematic Orchestra,sad
Ends of the Earth,1KQsrNv2vEW7AXKTrFz0Ah,"['indie folk', 'stomp and holler']",Lord Huron,sad
i love you,6CcJMwBtXByIz4zQLzFkKc,"['art pop', 'pop']",Billie Eilish,sad
Where's My Love - Acoustic,0ElpbbncWT9aS7mgoqEHbQ,"['indie anthem-folk', 'modern indie pop']",SYML,sad
Young And Beautiful,2nMeu6UenVvwUktBCpLMK9,"['art pop', 'pop']",Lana Del Rey,sad
ocean eyes,2uIX8YMNjGMD7441kqyyNU,"['art pop', 'pop']",Billie Eilish,sad
Youth,0UPMxtinlgA1dkne9PAKTW,"['neo mellow', 'singer-songwriter']",Daughter,sad
Fine Line,6VzcQuzTNTMFnJ6rBSaLH9,['pop'],Harry Styles,sad
Boys Of Faith (feat. Bon Iver),6pRRHgDjfIGhTUCGlHX2p8,['classic oklahoma country'],Zach Bryan,sad
Dandelions - slowed + reverb,6fhG2KJgwO7CrNflRaRmvp,"['alt z', 'canadian contemporary r&b', 'canadian pop', 'pop']",Ruth B.,sad
Sure Thing - slowed + reverb,5ai3UwdgwPp9wGcHY1zAk1,"['r&b', 'urban contemporary']",Miguel,sad
hotline (edit),0WFryfbNKPXVtVQlz5dZ8H,"['art pop', 'pop']",Billie Eilish,sad
Another Love but it's Slowed and Muffled,0G52ehW8DnvcmjplHwzEkI,"['slowed and reverb', 'sped up']",Dybbukk,sad
Broken Heart,4ZX8leOyXCg8pjBUpMjp26,"['french indie pop', 'french indietronica', 'french synthpop', 'new french touch']",Syna,sad
stellar (Slowed + Reverb),4x3Kk8FBD4SFC88RZNJpGL,['ambient lo-fi'],.diedlonely,sad
ceilings - slowed + reverb,4W3EYzb1N8csd5QSjUYe5F,['slowed and reverb'],slō,sad
Resonance x Genesis x Not allowed - Slowed,42FQ6SWMnzb6QAVEuTBTiO,[],mikeeysmind,sad
7AM (Slowed + Reverb),4Bm0C5xYPXhDo1X15rrwVd,"['mexican hip hop', 'trap mexicano']",Adrian,sad
Gilded Lily - Slowed + Reverb,7d4CBdzpBJTM9SDUseL5rb,"['experimental pop', 'indie surf', 'pov: indie']",Cults,sad
3:15 - Slowed Down + Reverb,4ooAEchlO6o6WL301WqIkP,"['hawaiian hip hop', 'pop rap']",Russ,sad
One Of The Girls - Slowed,3bWm8ejTzkMhPSdBnpxLvl,"['canadian contemporary r&b', 'canadian pop', 'pop']",The Weeknd,sad
Beautiful Things - Slowed Down,2WkqbfeY2YnhWcuAdIjQOx,['singer-songwriter pop'],Benson Boone,sad
i was only temporary (Slowed + Reverb),4XAilWzhZM0uyR4vtERfHi,['ambient lo-fi'],my head is empty,sad
SNAP - Low and Slow,7ImqL72aFPAxe9ZvEg2ebe,['alt z'],Rosa Linn,sad
Daylight - Slowed + Reverb,0hy0avC3ZHXuSmob8ymMXD,"['gen z singer-songwriter', 'singer-songwriter pop']",David Kushner,sad
Unholy - Slowed + Reverb Version,5l9ehcMgZ0JEqKZ3bE5NnV,[],Rxm リム,sad
Moon,7LIkI3vSp3EMYWm35hva7c,[],Siggerr,sad
Fluxxwave (Slowed + Reverb),2cuBB96Fhr5o77iWnAwStS,['sped up'],Clovis Reyes,sad
ecstacy (slowed),1JgknGBbrfmEHeOZH051SS,"['scenecore', 'sped up']",SUICIDAL-IDOL,sad
3D (feat. Jack Harlow) (Slowed Down),0dzT72K2RElXDMuMOyuKOI,['k-pop'],Jung Kook,sad
I know you so well,4fjt1phqib2j7m2kxFxJaZ,"['lo-fi chill', 'sad lo-fi']",9smkr,sad
Paint The Town Red - Slowed Down,6lImMzho2Y8QO4MGcHf2GP,"['dance pop', 'pop']",Doja Cat,sad
Daylight (Oh I love it and I hate it at the same time) - Remake,6ma8TFBLZe1jcS5IKv2FAG,[],lonely xo,sad
Moonlight,2i2gDpKKWjvnRTOZRhaPh2,['colombian pop'],Kali Uchis,sad
greedy slowed down,3sqSsxei1i6xwn4IhoMRfJ,['pop'],Tate McRae,sad
Here With Me,78Sw5GDo6AlGwTwanjXbGh,['bedroom pop'],d4vd,sad
What It Is (Solo Version) (Slowed Down),7DkQWIOvkb9kFcdbOqhTvg,['alternative r&b'],Doechii,sad
K.,1FWsomP9StpCcXNWmJk8Cl,"['ambient pop', 'dream pop', 'el paso indie', 'shoegaze']",Cigarettes After Sex,sad
girls like me don't cry (slowed + reverbed),1hKIo5tLpcGiEU4UYXcBUW,['v-pop'],thuy,sad
No Idea - Dj Purpberry Chopped and Screwed,3PEwQ1uaMwg0ehoTeVm7Yq,"['pop rap', 'rap', 'trap']",Don Toliver,sad
Heartburn (Slowed + Reverb),2CvW5vgsllD73cdT5Npqtr,[],Tenseoh,sad
Do I Wanna Know?,1LUXhYSwa1fcf1BBMKOJE4,[],deer noir,sad
Untitled - Slowed & Reverb,2kNmRkCF76KljDNfFgcTfo,[],JOIE GREY,sad
How Do I Say Goodbye - Slowed + Reverb,37UIrkGVsnWpLywuGxmEuc,"['australian pop', 'pop']",Dean Lewis,sad
after dark x sweater weather,4sGPzDEbvgrtBePr2cPWiv,[],really sad music,sad
Nights,7eqoqGkKwgOaWNNHx90uEZ,"['lgbtq+ hip hop', 'neo soul']",Frank Ocean,sad
Not Allowed (Slowed + Reverb),0gZK7K1WrHnE0sYsmBASZK,['ambient lo-fi'],Kapa Boy,sad
theres this girl,6whOApl6TgeCGRwMM52tkl,"['indie emo', 'lo-fi indie', 'slowcore']",sign crushes motorist,sad
unholy - slowed + reverb,6MvG18svqdhvbzD3ptsIgL,[],Vallvete,sad
who knows where the time goes?,0L231AHHmCX7EU7uO8mNVB,"['pop', 'scandipop', 'swedish electropop', 'swedish pop']",Liush,sad
JACKIE BROWN (CHOPNOTSLOP REMIX),2TqPcMoynCqfa7GbPQMIYA,"['r&b', 'rap']",Brent Faiyaz,sad
Wannabe,5ACZOGjT6I5He0pDZED56Z,['la pop'],why mona,sad
Sweater Weather,1j6Ru0hAZS1ksXXrZKRmYi,"['dance pop', 'gauze pop', 'pop', 'pop dance', 'uk pop']",Valentin,sad
I'm Geekin - Slowed Down,7s6Qiw4ArIssZ9QP5mxPRk,"['pop rap', 'trap']",DDG,sad
Those Eyes - Slowed + Reverb,54VKDgDQyls6TQy330dUp6,['toronto indie'],New West,sad
Cupid,6izgVcgRGTvG3oPDRK9qQy,[],Sandra Iris,sad
Reminder,37F0uwRSrdzkBiuj0D5UHI,"['canadian contemporary r&b', 'canadian pop', 'pop']",The Weeknd,sad
Wicked Games - Slowed,3gLQXayFPJPkm4Sv9P8N29,"['pop r&b', 'r&b']",Kiana Ledé,sad
Heat Waves - Slowed,5JW0V7qJ2pJQJckiE7Kqd1,"['gauze pop', 'indietronica', 'modern rock', 'pov: indie', 'shiver pop']",Glass Animals,sad
Pink + White,3xKsf9qdS1CyvXSMEid6g8,"['lgbtq+ hip hop', 'neo soul']",Frank Ocean,sad
11 PM,3lqajEemyKhmUKdAnfE378,[],Sandra Iris,sad
novocaine,2OrucC3HEPmZpkaQ05Nx0V,['sad lo-fi'],GenriX,sad
Kill Bill,3OHfY25tqY28d16oZczHc8,"['pop', 'r&b', 'rap']",SZA,sad
makeba - slowed + reverb,0T60rZ0CpVlVDfuWeXHzf7,['sped up'],bbygirl,sad
rises the moon,51Grh1RyUDcMBbpuyUIUHI,['pov: indie'],Liana Flores,sad
changes - Slowed + Reverb Version,7CdsR8zBaJzzST1iU4Ydnv,[],Diphda,sad
Where's My Love - Slowed,7gCMZGYUvujTe4OF64uvN3,"['indie anthem-folk', 'modern indie pop']",SYML,sad
apathy (Slowed + Reverb),3Zb3ZyaMwTZjaI97SsaL2o,['hardwave'],Øneheart,sad
LIMBO,2bdVgAQgosGUJoViVDNeOV,['chill r&b'],keshi,sad
bad habit - slowed + reverb,37BT6Dr0wyDekLAbJMFouU,['slowed and reverb'],omgkirby,sad
Suburbs,74fA6WgClZZKS6B90R1VZs,[],Miranda Fling,sad
"See You Again - okay okay, la la la part loop",06efZgXgsaRdyiWd74Z4KM,['sped up'],ImXgine,sad
Beat It,3TfwQHrScO0dXuny9KLJOa,['traprun'],Besomage,sad
Tom's Diner,0oA9wBGDY4uyILLg4GymWP,"['cologne indie', 'german singer-songwriter']",AnnenMayKantereit,sad
Heal (Tom Odell) - slowed down,6Xl55MeaHG9Ob9Ic4P3qj9,"['alt z', 'canadian contemporary r&b', 'canadian pop', 'pop']",sped up + slowed,sad
you are lying - Slowed + Reverb Version,0JiOy7PYwgmLzbTsVoJRbi,"['neo soul', 'r&b']",Meric,sad
Yes To Heaven,6SYw8xl5vQxCwZ4QJxUis9,[],namucok,sad
FANCY (SLOWED + REVERB),4rHQum76ld0UjO7323opzD,[],Godlike Pariah,sad
Cayendo (Side A - Acoustic),72794Eag03xdy7TO0KNuid,"['lgbtq+ hip hop', 'neo soul']",Frank Ocean,sad
Seoul to Monaco - Slowed + Reverb Version,3N9lphDmuWAWYy3oVYTpAg,"['neo soul', 'r&b']",Meric,sad
die first - stripped,2SYEH8KdT65kB7u7nJDEhY,"['alt z', 'social media pop']",Nessa Barrett,sad
sweater weather - slowed + reverb,2SnIt4OHXaqk0VW7sGDG2o,['slowed and reverb'],omgkirby,sad
Escapism. - Slowed Down,4D8h7lEUY0tVRGuX17tz3f,"['uk contemporary r&b', 'uk pop']",RAYE,sad
Lovers Rock,6dBUzqjtbnIa1TwYbyw5CM,['pov: indie'],TV Girl,sad
In This Darkness,6qrcJkIpuWpxH0ruS8WVAy,[],Clara La San,sad
changes,0jLQ1SiuIfS1RQZgG70bel,[],Diphda,sad
Atlantis - Slowed Down Version,5at70ffs5pTXRs5JYfw8fs,['folk-pop'],Seafret,sad
What You Need (Slowed + Reverbed),3N22eoBQKDC9riqJt9w6Ep,[],Ashley Sienna,sad
WASTE - Slowed Version,4w9TJQQqKXeLMZyzmLVpRI,"['dark trap', 'oc rap', 'scream rap']",Kxllswxtch,sad
Angel Baby - Slowed,0oKCOb4l4P8B8dvGIksZE6,"['australian pop', 'pop', 'viral pop']",Troye Sivan,sad
Love So Good - Slowed + Reverb,1gdpw6PUX4fxHBSdL2jUVD,[],Jaeger,sad
Mary On A Cross - slowed + reverb,6xWbpC8KpcItoGd8ZOKJlU,"['canadian pop', 'pop']",Ghost,sad
we fell in love in october - slowed + reverb,4RYkcR9gDRtPLz6e6Fmw2x,[],Vallvete,sad
Stop Wasting Your Time - Slowed + Reverb Version,08IggdOWj8iYR3XkUmx9on,"['neo soul', 'r&b']",Meric,sad
A&W,1wTopxO5eQBpxrBXPSbsUn,"['art pop', 'pop']",Lana Del Rey,sad
go - Lower & Slower,31wphZxsLDQSmqep0cG9c5,['uk pop'],Cat Burns,sad
Hurt,3XC70fONCTv5t7UYGEFsVS,['dark r&b'],RIELL,sad
I Don't Wanna Know (feat. Enya & P. Diddy) - 2016 Remaster,2yr2HnFYl7XvqJk4fXoQBt,[],Mario Winans,sad
Evergreen (You Didn’t Deserve Me At All),2TktkzfozZifbQhXjT6I33,"['bedroom pop', 'bedroom soul']",Omar Apollo,sad
Only You - Slowed + Reverb,2osT4NQN8TolmmcdzGpp2j,[],Jaeger,sad
Bananza (Belly Dancer) - Slowed,5lEx9Oo3tMyP85ppH43Uar,['dance pop'],Akon,sad
This December - slow,4Mt3d7vnaL8R6FilIq9DGi,"['la indie', 'pop', 'pov: indie']",Ricky Montgomery,sad
UNDERSTAND,72sfmdpuO5r8cBDgs7MqZZ,['chill r&b'],keshi,sad
BOREDOM,4FWG7vVA7doXmp6qRTgiq1,[],Munboi,sad
In The Stars,1ei3hzQmrgealgRKFxIcWn,['singer-songwriter pop'],Benson Boone,sad
anti-hero - slowed + reverb,31EYx94SqmD7BU3sbsmJ04,[],Vallvete,sad
Love Feels Like a Prison to Me - Slowed + Reverb Version,4hxbWRGDgvcFxvBdeyBKME,"['neo soul', 'r&b']",Meric,sad
Unstoppable - Slowed & Reverb,6UvgVaHDtycFqUM1LPxhxu,"['australian dance', 'australian pop', 'pop']",Sia,sad
Something Different - lofi remix,58PLzRUABG9skJIKreuVdX,['pop'],The Chainsmokers,sad
SAD GIRLZ LUV MONEY Remix (feat. Kali Uchis and Moliy) - Slowed + Reverb,5lYLBAH2uSvERWy8GAcBJz,"['afro r&b', 'afrobeats', 'alternative r&b', 'ghanaian alternative', 'ghanaian pop']",Amaarae,sad
RED EYES N BLUE SKIES,58d2fDizWMpMVnim2IDZME,[],3ANGEL,sad
Sunlight,4wOpQBSTtbh9S86nxp0EJ1,[],thom.ko,sad
Big Jet Plane,30LvnsFly9MIrnVjqxZD9U,['la pop'],AFTRHOURS,sad
Awkward,2xZ0zfuDTv5LxLhEgD82PG,"['pop', 'r&b', 'rap']",SZA,sad
what about your boyfriend? - Slowed + Reverb Version,4Rg357vvzF6cwlTxZFj8FV,"['neo soul', 'r&b']",Meric,sad
complex (demo),1ovZe7upcqycTuPFfOg6kB,[],Katie Gregson-MacLeod,sad
Happier - Slowed + Reverb,072Hl1zCG3UMxc7JBeQk7r,"['brostep', 'edm', 'pop', 'progressive electro house']",Marshmello,sad
Moonlight Mercy,61A6xQ3QR3ruesfTt6bg4U,"['pop', 'scandipop', 'swedish electropop', 'swedish pop']",Liush,sad
Always Be My Baby - Austin Millz Remix,0S0ezG92vQDS5VbX12GC3g,"['dance pop', 'pop', 'urban contemporary']",Mariah Carey,sad
TV,3GYlZ7tbxLOxe6ewMNVTkw,"['art pop', 'pop']",Billie Eilish,sad
tell me who hurt you - Slowed + Reverb Version,0qqpdWfvF4zIm8abkNhdai,"['neo soul', 'r&b']",Meric,sad
she's all i wanna be - Acoustic,3iJVCCW5equhyyZcxrMABz,['pop'],Tate McRae,sad
Mr. Loverman - slow,4j53bQfNQOYucuxDmOem6z,"['la indie', 'pop', 'pov: indie']",Ricky Montgomery,sad
Faded - Slowed Remix,2zK1krCIeewkY2v0RNPcBu,['electro house'],Alan Walker,sad
Until I Found You - Piano Version,06vNG6CiV4k8oNA0wUUAO7,['gen z singer-songwriter'],Stephen Sanchez,sad
infinity - slowed + reverb,5WaSjhCi2Mw2d4J77sddwj,[],Vallvete,sad
For You - Slowed + Reverb,183IkEzBA50wxQOuuqRt8B,[],Jaeger,sad
Elevators (Me & You) - slowed + reverb,7qrV4AUCJSioKXBaWP9qFn,"['atl hip hop', 'dirty south rap', 'hip hop', 'old school atlanta hip hop', 'rap', 'southern hip hop']",Outkast,sad
D u s k T i l l D a w n (slowed reverb),7M933CBt5jHL6m4v2wqBrJ,['slowed and reverb'],FiloChill,sad
Over Me - Slowed + Reverb Version,6n2lTcZHfy3tRUFxSFYzy1,"['neo soul', 'r&b']",Meric,sad
Only Love Can Hurt Like This - Slowed Down Version,48CKzGWOC65n8a8kdANJV8,"['british soul', 'talent show', 'uk pop']",Paloma Faith,sad
Don’t Forget My Love - slowed + reverb,4M314w9fLr8vRyOCxDr18f,"['dance pop', 'edm', 'electro house', 'moombahton', 'pop dance']",Diplo,sad
Murder In My Mind - Slowed + Reverb,0HIeI7doCC3xlhlfFxXWMc,['drift phonk'],Kordhell,sad
Runaway - Slowed Reverb,2QdSJtuFr8s2GGyWpxX9UH,[],Kirub,sad
Dump It Dummy (feat. 2rare),7MODHYi60npkw5bgBStqV3,[],Zai,sad
L i t t l e D a r k A g e - S l o w e d,3CjDotzYBb9Sx7yKwYUrsA,['slowed and reverb'],DJ Pho,sad
Doves In The Wind (feat. Kendrick Lamar),593W4qZOwwdqF6YnimJjL6,"['pop', 'r&b', 'rap']",SZA,sad
Ylang Ylang,7i4hAFqaMcw12ITAKtLyQb,"['filter house', 'indie soul']",FKJ,sad
"Hold On, We're Going Home",6jdOi5U5LBzQrc4c1VT983,"['canadian hip hop', 'canadian pop', 'hip hop', 'pop rap', 'rap']",Drake,sad
This Side of Paradise - slowed,3BIBnyt40zWjPCNqRyGwPp,['pov: indie'],Coyote Theory,sad
Arrived - (Slowed + Reverb),0sT7DFuq7h2nCG98KQ34Wr,['dark r&b'],Aaryan Shah,sad
I Was Never There,1cKHdTo9u0ZymJdPGSh6nq,"['canadian contemporary r&b', 'canadian pop', 'pop']",The Weeknd,sad
Love Me Faster - Slowed + Reverb Version,3pBvN2qiaYy68TbjSTnv67,"['neo soul', 'r&b']",Meric,sad
stargirl interlude (slowed + reverb),42bG6Q8PG92ZGIO9Buq49M,[],ghostly echoes,sad
D o n ' t L e t M e D o w n (slowed reverb),66OTK5mDazP9zu9zSUpl62,['slowed and reverb'],FiloChill,sad
another love - slowed + reverb,4RuOGXz6yY6V3hZgYK01F5,['slowed and reverb'],slō,sad
All Night - Slowed N Reverb,1gk5o5yEXAsHeXMJoavmh3,"['boy band', 'pop']",The Vamps,sad
dirty laundry - slowed,0N2rGjQLuT0GqVueJxjQS6,['pop'],blackbear,sad
Falling Up - slowed n reverbed,0zIohSDz0goGUf3krAh0MW,"['australian pop', 'pop']",Dean Lewis,sad
sitcom,1FgC0ZZaMPqAZ998o5q1Q9,['japanese vgm'],genshi,sad
Don't Forget My Love - slowed + reverb,3C2o6Iw5yLpe6HViGP9OYX,"['dance pop', 'edm', 'electro house', 'moombahton', 'pop dance']",Diplo,sad
Personal Baby,67bOItGZHSECTH9LffxpUm,"['afrobeats', 'afropop', 'azontobeats', 'ghanaian hip hop', 'nigerian pop', 'swedish dancehall']",Mr Eazi,sad
YKWIM?,2vWBUC9djv6BtiGlmKiQaH,['bedroom pop'],Yot Club,sad
Aesthetic,4S1T0kYOmevSYAknYWD9Yn,[],Devonte Mayo,sad
Starry Eyes - MIKE DEAN Remix,5ONnknPrFf58QVxCBRcofB,"['canadian contemporary r&b', 'canadian pop', 'pop']",The Weeknd,sad
i met sarah in the bathroom {slow//reverb},0xPU0Sdkrva3RgRIPhK0zq,['phonk'],Ryan Celsius Sounds,sad
Waves - Slowed n Reverbed,5sv0ymGWnCNXRoE28AkM9l,"['australian pop', 'pop']",Dean Lewis,sad
Get You The Moon (feat. Snøw),4ZLzoOkj0MPWrTLvooIuaa,"['sad lo-fi', 'slowed and reverb']",Kina,sad
Tell Me Pretty Lies,64XGKpzNUEBskFPdMAjeEU,['otacore'],Yusei,sad
F a n t a s y T a l k i n g t o t h e M o o n,33ItDQz3j447Epl427lcu8,['slowed and reverb'],MidnightDrives,sad
School Rooftop - Slowed Down Version,1IzqLAnLpITw7SArHU3286,"['slowed and reverb', 'weirdcore']",Hisohkah,sad
you're a parasite,2uMv1AvQhvXk4F3DAeABGg,['bedroom r&b'],Riovaz,sad
wherever you would call me,5ehoXwpw70o6WEEufJm1q7,[],Zaini,sad
let me love you,5KQ6Ao3KkBmX0mKklIGP2r,[],Adriel Rivera,sad
Losing Interest - Slowed Version,2TJKss1zYOFZ0OAXePgdcS,['slowed and reverb'],boy in skirt,sad
Where My Love (Edit),04hxPwQCnjnhYrrBhOKGby,[],Fallo,sad
Lost My Mind,3gk0l0j9ixty9sGSs6kyFi,['slowed and reverb'],FiloChill,sad
Tell Me Why I'm Waiting - Slowed,7ea3MOCWepPfTuhHh8RsRi,['slowed and reverb'],boy in skirt,sad
Heather,4xqrdfXkTW4T0RauPLv3WA,"['bedroom pop', 'pop', 'pov: indie']",Conan Gray,sad
Ocean Eyes (Screwed & Chopped),1SmXVJBUZElltXV0RYFqRE,['chopped and screwed'],DJ Wrekshop,sad
Morning Vibe (feat. Of Monsters and Men),2u5V5Ev1ZlvcJIZgSke08L,[],FENON MIKEL,sad
We Don't Talk Anymore [Slowed + Reverb],5kX1LMGQ2gjOti9j94ehdT,['otacore'],Yusei,sad
Viva La Vida - Slowed and Reverb,3ynQDaaaAZaglJROmRrAg8,"['christian hip hop', 'teen pop']",Shalom Margaret,sad
Ophelia but it's Muffled and Slowed,5L2vnGO8fZgy7LtZszT97q,"['slowed and reverb', 'sped up']",Dybbukk,sad
Home - Slowed,3Cou9Rf87erNBpjWjTZZaZ,[],Edith Whiskers,sad
It's Ok - Slowed,5RKUztud1fb5UhO4gljjl7,[],Edith Whiskers,sad
I'm Only a Fool for You,0Bho4m1xtF0Np8nH1JwXlO,"['slowed and reverb', 'sped up']",Dybbukk,sad
YKWIM? {slow//reverb},3NLuRwdC33GHNouWUa0CUT,['phonk'],Ryan Celsius Sounds,sad
Vas,6S7o12almFeL57rbRvdY5l,['bedroom pop'],jagger finn,sad
lovely (with Khalid),0u2P5u6lvoDfwTYjAADbn4,"['art pop', 'pop']",Billie Eilish,sad
It's Ok - Slowed - Remix,3Sv2RIffoODPomvLqjB9XQ,[],MrLoonax,sad
lovely,3MPOKZosrDVmsfR1Yczwed,['slowed and reverb'],Bleedingxheart,sad
You Broke My Heart Again,3jZDWsoxRHzzp3DYV8qeXE,"['lo-fi chill', 'sad lo-fi']",Teqkoi,sad
cause it's too cold,6IRBAIY7BVZBXwlhqCISk8,['slowed and reverb'],omgkirby,sad
Fallen Down (Reprise) - Piano Slowed & Reverb,2CQzXXZifjBgR2MtmbKG1z,['ambient lo-fi'],Augustin Garnier,sad
fools (can't help falling in love) (slowed down & reverb),6IEYxC5J51Igo0XUTx16mA,"['indietronica', 'modern alternative rock', 'modern rock', 'rock']",Foster,sad
diamonds - slowed + reverb,3W96ACf1ASlf3RVJANWxcU,['slowed and reverb'],omgkirby,sad
Forever in My Mind,0E2G75tZnsbqforVzmMU4a,['slowed and reverb'],LiLucifer,sad
Sad Hours,1f5gQuy8aQEj6WX9wc8i3k,"['lo-fi chill', 'sad lo-fi']",LRN Slime,sad
happier than ever (slowed + reverb),0sN7p06rSdZtTjZIomFWyq,['slowed and reverb'],z e r o t o n i n,sad
"i don't like it, you're not the same",3qN62DlOJoIMWFGPVxilxU,"['lo-fi chill', 'sad lo-fi', 'slowed and reverb']",meynus,sad
Everybody Dies In Their Nightmares,3GVkPk8mqxz0itaAriG1L7,"['emo rap', 'miami hip hop', 'rap']",XXXTENTACION,sad
sex money feelings die - slowed version,0dkvbYmXYEPK7gGMdytmfI,"['electropop', 'indietronica', 'neo-synthpop', 'swedish electropop', 'swedish indie pop', 'swedish pop']",Lykke Li,sad
Glimpse of Us,6xGruZOHLs39ZbVccQTuPZ,['viral pop'],Joji,sad
SLOW DANCING IN THE DARK,0rKtyWc8bvkriBthvHKY8d,['viral pop'],Joji,sad
Like You Do,1MONUudxAjEk76FJvzGhuD,['viral pop'],Joji,sad
worldstar money (interlude),0baNzeUcPQnQSagpe8T0mD,['viral pop'],Joji,sad
Hope,2ZRo7axmMPeSVUvDbGkJah,"['emo rap', 'miami hip hop', 'rap']",XXXTENTACION,sad
SAD!,3ee8Jmje8o58CHK66QrVC2,"['emo rap', 'miami hip hop', 'rap']",XXXTENTACION,sad
A GHETTO CHRISTMAS CAROL,1QKDXegQxJBzSs8ZBNtGbT,"['emo rap', 'miami hip hop', 'rap']",XXXTENTACION,sad
the remedy for a broken heart (why am I so in love),4UKCKdYiLN6IMA5ZESUTL7,"['emo rap', 'miami hip hop', 'rap']",XXXTENTACION,sad
Fuck Love,7AQim7LbvFVZJE3O8TYgf2,"['emo rap', 'miami hip hop', 'rap']",XXXTENTACION,sad
BAD!,4CH66Rxcjcj3VBHwmIBj4T,"['emo rap', 'miami hip hop', 'rap']",XXXTENTACION,sad
Why'd You Leave?,7uWalFOkvzFZjPou2mcb8C,"['orchestral soundtrack', 'soundtrack']",Sik World,sad
Say You Won't Let Go,5uCax9HTNlzGybIStD3vDh,"['pop', 'talent show', 'uk pop']",James Arthur,sad
Lonely (with benny blanco),7HWetAoWK9qkFM575HONAY,"['canadian pop', 'pop']",Justin Bieber,sad
What If I Told You That I Love You,6USdi8uX5GNAPYziFhisHb,['canadian hip hop'],Ali Gatie,sad
Let Me Down Slowly,2qxmye6gAegTMjLKEBoR3d,"['alt z', 'pop', 'pov: indie']",Alec Benjamin,sad
It's You,5DqdesEfbRyOlSS3Tf6c29,['canadian hip hop'],Ali Gatie,sad
Be Alright,5qrSlOut2rNAWv3ubArkNy,"['australian pop', 'pop']",Dean Lewis,sad
Waves,6w8pFOKn42O418qwcQElZ3,"['australian pop', 'pop']",Dean Lewis,sad
hate u love u,6ATgDc6e4sPn84hvJsAmPt,"['alt z', 'pop']",Olivia O'Brien,sad
Sanctuary,5F1ZmucV0uJY14y2dYKePa,['viral pop'],Joji,sad
Too Good At Goodbyes,1mXVgsBdtIVeCLJnSnmtdV,"['pop', 'uk pop']",Sam Smith,sad
scared,6r2JV75tE0vNgNCv4HKsBC,"['alt z', 'electropop', 'pop']",Jeremy Zucker,sad
How to Save a Life,5fVZC9GiM4e8vu99W0Xf6J,"['neo mellow', 'piano rock', 'pop', 'pop rock']",The Fray,sad
Heartbreak Anniversary,3FAJ6O0NOHQV8Mc5Ri6ENp,['r&b'],Giveon,sad
As the World Caves In,7LAmsNJpBaNvNg7VZPXxSv,['gen z singer-songwriter'],Sarah Cothran,sad
When I Was Your Man,0nJW01T7XtvILxQgC5J7Wh,"['dance pop', 'pop']",Bruno Mars,sad
Moral of the Story,2nC3QhMI9reBIOWutbU3Tj,['social media pop'],Ashe,sad
tired of me,3juh7LQajy0H4HnnjOKiEl,['hel'],Karina Grace,sad
i think you're really cool,78cIbVjU1xn7mbQ9i35avl,"['alternative r&b', 'conscious hip hop', 'hip hop', 'neo soul', 'new jersey rap', 'r&b']",guardin,sad
summer depression,2zPcVDSpYNVKQ5c7jR7MXj,"['bedroom pop', 'indie pop', 'norwegian indie', 'pov: indie']",girl in red,sad
Mr. Loverman,2IVsRhKrx8hlQBOWy4qebo,"['la indie', 'pop', 'pov: indie']",Ricky Montgomery,sad
now ur gone.,6CYX0rPVCWbax0vPOT92Cw,[],will hyde,sad
I Love You So,4SqWKzw0CbA05TGszDgMlc,"['chicago indie', 'pov: indie']",The Walters,sad
Water Fountain,4IhKLu7Vk3j2TLmnFPl6To,"['alt z', 'pop', 'pov: indie']",Alec Benjamin,sad
I Can't Handle Change,0I1eFRytp4XRhLCjT6tZm7,['pop'],Roar,sad
idfc,3SErMoIKdRELto2OspGs5L,['pop'],blackbear,sad
Daddy Issues,5E30LdtzQTGqRvNd7l6kG5,"['modern alternative rock', 'modern rock', 'pop']",The Neighbourhood,sad
dark until september.,7n5LJO27QLW54MmCU8ok2e,[],will hyde,sad
Friends,2jQiSYrwJehQAcuaaQrXnS,['alternative r&b'],Chase Atlantic,sad
feelings are fatal,6GGdkwYk4NXuiIcQD16AZg,"['alt z', 'bedroom pop', 'indie pop', 'pov: indie']",mxmtoon,sad
Prom Queen,6MpCaSIOfqBqbMED4kXgNY,"['bubblegrunge', 'chicago indie', 'indie pop', 'pov: indie']",Beach Bunny,sad
NEVER MET! (feat. Glitch Gum),4Bh7x70sJfofaZMdq32DcR,"['glitchcore', 'hyperpop']",CMTEN,sad
prom dress,2xCGBWfzTe8l2kvHpgvB6M,"['alt z', 'bedroom pop', 'indie pop', 'pov: indie']",mxmtoon,sad
Talking to the Moon,161DnLWsx1i3u1JT05lzqU,"['dance pop', 'pop']",Bruno Mars,sad
Ew,3Nc86B5XmDlG1KuEeSLD8x,['viral pop'],Joji,sad
You & I,2afCBiru10AFckfOa49wIa,"['boy band', 'pop', 'post-teen pop', 'talent show']",One Direction,sad
Nobody,2P5yIMu2DNeMXTyOANKS6k,"['brooklyn indie', 'pov: indie']",Mitski,sad
you were good to me,4CxFN5zON70B3VOPBYbd6P,"['alt z', 'electropop', 'pop']",Jeremy Zucker,sad
Home,3XRALl9CNCnjjbCZid2L9w,"['bedroom pop', 'indie pop', 'pov: indie']",Cavetown,sad
I deserve this,0ExUm9JjGLGBrUrcVNOgJT,"['hyperpop', 'pov: indie', 'scenecore', 'sped up']",Rebzyyx,sad
Sex with My Ex,0H1Had94fszD13qsFsP1U5,"['cloud rap', 'emo rap', 'lgbtq+ hip hop']",Lil Peep,sad
agoraphobic,6ATqL4f1nFWwASrWi8nF6e,['pov: indie'],CORPSE,sad
Bad Habit,4k6Uh1HXdhtusDW5y8Gbvy,['afrofuturism'],Steve Lacy,sad
Train Wreck,55Am8neGJkdj2ADaM3aw5H,"['pop', 'talent show', 'uk pop']",James Arthur,sad
when u need me.,5CPEXVOzqhFlZN77l94S86,[],will hyde,sad
Daddy Issues (Remix) feat. Syd,5Q6fh8OEhBYepJaORz9lxe,"['modern alternative rock', 'modern rock', 'pop']",The Neighbourhood,sad
"it only gets worse, i promise",5H0BawU5IlPVzLTiresJwa,[],EKKSTACY,sad
then i met her,5sFIYKbII6QzRT57hCza5Z,[],EKKSTACY,sad
Stan,3UmaczJpikHgJFyBTAJVoz,"['detroit hip hop', 'hip hop', 'rap']",Eminem,sad
this is what heartbreak feels like,1Ng6ie895KlhuTGqwJIVAq,"['modern indie pop', 'pov: indie', 'singer-songwriter pop']",JVKE,sad
i'm not okay,23gRCXBZcWDMh3QcDimChX,"['modern indie pop', 'pov: indie', 'singer-songwriter pop']",JVKE,sad
this is what sadness feels like,1e4Zf5YdBtPycgmqMhE11T,"['modern indie pop', 'pov: indie', 'singer-songwriter pop']",JVKE,sad
wonder if she loves me,618L0a1GEE3BJ8pMB1RZTd,"['modern indie pop', 'pov: indie', 'singer-songwriter pop']",JVKE,sad
save your breath,6uv4MOY4F4Wjm3tvhtFckS,"['modern indie pop', 'pov: indie', 'singer-songwriter pop']",JVKE,sad
this is what falling out of love feels like,1p22ws0fOjDbTex52Ba5Gn,"['modern indie pop', 'pov: indie', 'singer-songwriter pop']",JVKE,sad
i walk this earth all by myself,5a8QUc4ubHJqQm7vzs2YhA,[],EKKSTACY,sad
Bubble Gum,3zksbXteOCeSusJ5Xltr3t,"['bedroom pop', 'indie pop', 'pov: indie']",Clairo,sad
Changes,7KhzNtBj6hmB08fyJCIRb3,['comedy rock'],Hayd,sad
18,3JjnGLK8IxkNLvo8Lb3KOM,"['boy band', 'pop', 'post-teen pop', 'talent show']",One Direction,sad
Dead and Cold,33LizV83s7z1gwtmLiKlmv,"['sad lo-fi', 'sad rap']",SadBoyProlific,sad
You Don't Want Me Anymore,0K4gxQ2u3545b0GAu85ObO,"['sad lo-fi', 'slowed and reverb']",Snøw,sad
Star Shopping,6Ox1rvlwEpB49drasQm6RF,"['cloud rap', 'emo rap', 'lgbtq+ hip hop']",Lil Peep,sad
16 Lines,6akBF8JWM8lrpqejdwIfYI,"['cloud rap', 'emo rap', 'lgbtq+ hip hop']",Lil Peep,sad
IDGAF,6zZhlOWizcEG1T7zsTdI6N,"['cloud rap', 'emo rap', 'lgbtq+ hip hop']",Lil Peep,sad
Hate Me,2FoRvrNWBtrJiSgIjmivKG,"['cloud rap', 'emo rap', 'lgbtq+ hip hop']",Lil Peep,sad
white tee,4TVsTKQVeC99tCjfRKLeob,"['cloud rap', 'emo rap', 'lgbtq+ hip hop']",Lil Peep,sad
we think too much,6ee2ezCrbtoGUMwVJ9qTvM,"['cloud rap', 'emo rap', 'lgbtq+ hip hop']",Lil Peep,sad
cobain,4B6FybzCJwJLdRxuC2lRmY,"['cloud rap', 'emo rap', 'lgbtq+ hip hop']",Lil Peep,sad
fucked up,2MUCuQaEVEHW1wKkAiwgmo,"['cloud rap', 'emo rap', 'lgbtq+ hip hop']",Lil Peep,sad
Falling Down - Bonus Track,4jvjzW7Hm0yK4LvvE0Paz9,"['cloud rap', 'emo rap', 'lgbtq+ hip hop']",Lil Peep,sad
Save That Shit,64PgpLHuQK3UJ5qZ875Vei,"['cloud rap', 'emo rap', 'lgbtq+ hip hop']",Lil Peep,sad
feelz,7hby1Z5hyRU4pdQgCFcCC7,"['cloud rap', 'emo rap', 'lgbtq+ hip hop']",Lil Peep,sad
Something In The Way,1nFtiJxYdhtFfFtfXBv06s,"['grunge', 'permanent wave', 'rock']",Nirvana,sad
Fat Funny Friend,4eaSY3ucamesaARYBsLfz2,['alt z'],Maddie Zahm,sad
sex,26ZX2JrAb8AFbr8FFfAsO7,['indie poptimism'],EDEN,sad
You & Jennifer,0g21KZ1XJuhwexWPLpuEt1,"['alt z', 'indietronica']",bülow,sad
DTN,1p7GxV4HeuZK4zJHugQ7AW,['bedroom pop'],d4vd,sad
f*ck everything! - Spotify Singles (feat. The Drums),3oE4zL430c18NuiRWDHRLY,[],EKKSTACY,sad
wish i was dead,5Pu42rdkSXGzT528BAQRFO,[],EKKSTACY,sad
Uncomparable,53F62yfHICseGNOBAH0QUR,[],EKKSTACY,sad
See You Later,1xHrPq8WvLKiO6lT94Ks2F,[],EKKSTACY,sad
Love,3KrZA78fUmGF0eo1JRJY6d,[],EKKSTACY,sad
Alone,50OPOdJbRx9iCJXGultmUf,"['sad lo-fi', 'sad rap']",SadBoyProlific,sad
jaded,6Tt9PBM6oWGwVnxyzuM84j,"['emo rap', 'sad lo-fi', 'sad rap']",sadeyes,sad
sex scenes and video games,4PxJaIHhSmMEDuQbRjd308,['pop'],Grady,sad
Pope Is a Rockstar,0So2sgVa8aJiARPl2P29u2,['orlando indie'],SALES,sad
The Loser,3u0kNxqOOC8SdoODpkmoZO,[],Zach Farache,sad
Runaway Kid,2cfvN9LpM3RFW3wKqrE1jZ,['melodic rap'],iann dior,sad
Be Yourself,1IdZvb2XK8NmsovQlV6CPn,"['lgbtq+ hip hop', 'neo soul']",Frank Ocean,sad
8,6X29iaaazwho3ab7GNue5r,"['art pop', 'pop']",Billie Eilish,sad
ilomilo,7qEKqBCD2vE5vIBsrUitpD,"['art pop', 'pop']",Billie Eilish,sad
listen before i go,0tMSssfxAL2oV8Vri0mFHE,"['art pop', 'pop']",Billie Eilish,sad
goodbye,3LgWsmilsrWXiPYQFRD0T7,"['art pop', 'pop']",Billie Eilish,sad
Fourth of July,5Qnrgqy1pAm9GyNQOgyVFz,"['art pop', 'baroque pop', 'chamber pop', 'indie pop', 'indie rock', 'singer-songwriter']",Sufjan Stevens,sad
T e e n R o m a n c e,5whRWJJc7itGQNY5J4iunB,"['dirty south rap', 'pop rap', 'rap', 'southern hip hop', 'trap']",YungMoneyChasers,sad
If We Have Each Other,7pT6WSg4PCt4mr5ZFyUfsF,"['alt z', 'pop', 'pov: indie']",Alec Benjamin,sad
I'm Not Enough and I'm Sorry,4P1L6AniTDJzANaubzWGYs,"['lo-fi chill', 'sad lo-fi']",Teqkoi,sad
Sleep Thru Ur Alarms,3Mmt4wAMtWRmObAxbejpPe,['nz pop'],Lontalius,sad
you deserve better,5MsydV2Ii4A7r85gSgh90x,"['emo rap', 'sad lo-fi', 'sad rap']",sadeyes,sad
A Soulmate Who Wasn’t Meant to Be,0gOz9JUXsaKVzLTSmFDtdo,['gen z singer-songwriter'],Jess Benko,sad
please never fall in love again,1pVvfmQB9OB8FqCbp2UGA8,[],Feyesal,sad
Coffee Breath,28TkNtKHx6UnOZuoyv3Jzv,[],Sofia Mills,sad
The Way I See Things,63Rg6WrtsD26acXip6G7t1,[],Yung Tide,sad
Lookalike,4K3gM7kzX4POAfrs71HomN,"['bedroom pop', 'pop', 'pov: indie']",Conan Gray,sad
Broken,4W8sUeokQKfHt1uTXp0Jq0,['emo rap'],Lund,sad
worthless,6L9vUQRiVybGvtAatCdRhw,['sad lo-fi'],eli.,sad
I'll Keep You Safe,01Rc6yXYtujAnMaR1NME11,"['lo-fi chill', 'sad lo-fi']",sagun,sad
suicide,0AXgLaqOI5w3uLXh4YOsIJ,"['alt z', 'modern indie pop']",Isaac Dunbar,sad
Skin & Bones,0OtL3L332F3gxSB2cuYsc0,['emo rap'],Lund,sad
Training Wheels,3EGW6TGGbdk6Ys1Y3HU3lj,"['alt z', 'electropop', 'pop']",Melanie Martinez,sad
Depressed,5V2zkdP7nOmnSOhTD7TXy8,"['lo-fi chill', 'sad lo-fi']",Leanboys,sad
Please Don't Go,2F1JKudrXiT3pUwrq6Tu3l,[],Abbey Glover,sad
MINE,51fMzpQpLMmeRP9qpekMRR,"['indie pop', 'pov: indie']",awfultune,sad
i wanna be your girlfriend,5PjdC2gMATetx5xdnwGUu7,"['bedroom pop', 'indie pop', 'norwegian indie', 'pov: indie']",girl in red,sad
Revenge,5TXDeTFVRVY7Cvt0Dw4vWW,"['emo rap', 'miami hip hop', 'rap']",XXXTENTACION,sad
Tell Me Why I'm Waiting,3xbUCRFut7tzBoD2F8L56y,"['lo-fi chill', 'sad lo-fi']",Timmies,sad
Baby You're Worth It,75SW8IItf7yy1VejSLtv9W,"['sad lo-fi', 'slowed and reverb']",Kina,sad
i'll die anyway.,14tud1FLjpHMYHpD2c7NbO,"['bedroom pop', 'indie pop', 'norwegian indie', 'pov: indie']",girl in red,sad
self destructive,4AL35ipeLY3R45DhAteP8H,['lo-fi chill'],Vorsa,sad
Suffocate,1ydKLmtx7LYnDe1udTu96w,['comedy rock'],Hayd,sad
Dancing With Your Ghost,1TQXIltqoZ5XXyfCbAeSQQ,['alt z'],Sasha Alex Sloan,sad
Feel Something,0vMI3AJPQMjytAu8XMWr65,['indie poptimism'],Jaymes Young,sad
Fool,7asyVbwQE7IbA3x2be7bdI,"['bedroom pop', 'indie pop', 'pov: indie']",Cavetown,sad
Please Never Fall in Love Again,42H6GeQfrBkT3vTUTdpB1M,[],Ollie MN,sad
big city blues,5CJZMMn15QAzcTPjaQFDqB,"['cloud rap', 'emo rap', 'lgbtq+ hip hop']",Lil Peep,sad
It's Not The Same Anymore,7vRia9rlEuTDQxkfXIKySi,['bedroom pop'],Rex Orange County,sad
Robin Hood,5dyihZecYMcEPq09Bk2OL2,['swedish pop'],Anson Seabra,sad
Midnight Thoughts,1O28T70fY6eyL9vygOqCQi,"['sad lo-fi', 'sad rap']",SadBoyProlific,sad
Congratulations,3a1lNhkSLSkpJE4MSHpDu9,"['dfw rap', 'melodic rap', 'pop', 'rap']",Post Malone,sad
Thru the Screen,1JV0bFj7KIrbIpb3flnClS,[],Cold Hart,sad
Brother,65gLJGey4u4KFFqoC5fzFJ,"['irish pop', 'modern rock', 'neo mellow']",Kodaline,sad
1-800-273-8255,5tz69p7tJuGPeMGwNTxYuV,"['conscious hip hop', 'hip hop', 'pop rap', 'rap']",Logic,sad
i was all over her,7svpAkwc6xaSxlbZ7V7JiS,"['countrygaze', 'lo-fi emo', 'lo-fi indie', 'pov: indie', 'slowcore', 'small room']",salvia palth,sad
idontwannabeyouanymore,41zXlQxzTi6cGAjpOXyLYH,"['art pop', 'pop']",Billie Eilish,sad
reprise,74nfQWsGjMCSl6vcjUFSQ4,"['countrygaze', 'lo-fi emo', 'lo-fi indie', 'pov: indie', 'slowcore', 'small room']",salvia palth,sad
Wasting Time,2sHAoyj1tJ70A4PlmmREH4,"['trap latino', 'urbano latino']",Jades,sad
Let You Break My Heart Again,709p9UGPAuyImWf1Z3vjRo,['gen z singer-songwriter'],Laufey,sad
Daylight,1odExI7RdWc4BT515LTAwj,"['gen z singer-songwriter', 'singer-songwriter pop']",David Kushner,sad
i met sarah in the bathroom,0mr8FAnN9X70p5KRUwMIJx,"['indie pop', 'pov: indie']",awfultune,sad
we fell in love in october,6IPwKM3fUUzlElbvKw2sKl,"['bedroom pop', 'indie pop', 'norwegian indie', 'pov: indie']",girl in red,sad
dying on the inside,6h1s7cKnUtsbRpE5bwnUTf,"['alt z', 'social media pop']",Nessa Barrett,sad
Lay Me Down (feat. John Legend),2T3XExryIariqO0fIfXOdw,"['pop', 'uk pop']",Sam Smith,sad
Falling Behind,4KGGeE7RJsgLNZmnxGFlOj,['gen z singer-songwriter'],Laufey,sad
This Is How It Feels (with Laufey),6BQPRUFGHsgtNYJxuwhktR,['bedroom pop'],d4vd,sad
I Know You,71BWZa1liIRyUiuJ3MB66o,"['atlanta indie', 'indie pop']",Faye Webster,sad
Love Flew Away,6FwkV9baY3ERqmxPsBLzYf,['gen z singer-songwriter'],Laufey,sad
Pray,4zcVQvCRJRafP6JtLGyy7R,"['pop punk', 'social media pop']",jxdn,sad
Save Me,2UwbhMie1EAYuTZ0QXeMwl,"['emo rap', 'miami hip hop', 'rap']",XXXTENTACION,sad
Creep,70LcF31zb1H0PyJoS1Sx1r,"['alternative rock', 'art rock', 'melancholia', 'oxford indie', 'permanent wave', 'rock']",Radiohead,sad
Break,4Rsv5fRmgTH88RLp7xN5sz,[],alex_g_offline,sad
The Night We Met,0QZ5yyl6B6utIWkxeBDxQN,"['indie folk', 'stomp and holler']",Lord Huron,sad
Please Please Please Let Me Get What I Want - 2005 Remaster,4HpIh5wWfkq5sSuCLLSwYR,"['alternative metal', 'nu metal', 'rap metal', 'rock', 'sacramento indie']",Deftones,sad
Static,4OmfWzukSVD140NiAIEjem,['afrofuturism'],Steve Lacy,sad
Blue Hair,39sDitIeCMrVX2QyXHY46t,['pov: indie'],TV Girl,sad
Once More,1exDZN0zsfDpsIKamOqmSz,['bedroom pop'],d4vd,sad
Gilded Lily,3Z0qLOS0cqWKPHXkbTXmNF,"['experimental pop', 'indie surf', 'pov: indie']",Cults,sad
The Beach,2u0CelO5c81XS7z3dGpHbS,"['modern alternative rock', 'modern rock', 'pop']",The Neighbourhood,sad
Where'd All the Time Go?,0UV5zxRMz6AO4ZwUOZNIKI,"['chamber pop', 'indie rock', 'modern folk rock', 'philly indie', 'pov: indie', 'seattle indie', 'stomp and holler']",Dr. Dog,sad
Moonlight on the River,2fhOljbX79loRcdl47SFye,"['edmonton indie', 'lo-fi indie', 'pov: indie']",Mac DeMarco,sad
Dark Red,3EaJDYHA0KnX88JvDhL9oa,['afrofuturism'],Steve Lacy,sad
"I miss you, I’m sorry",4nyF5lmSziBAt7ESAUjpbx,['alt z'],Gracie Abrams,sad
Atlantis,1Fid2jjqsHViMX6xNH70hE,['folk-pop'],Seafret,sad
Sad Girl,11MyiSGZSYSmhhqwGUTtAq,"['art pop', 'pop']",Lana Del Rey,sad
Never Felt So Alone,6unndO70DvZfnXYcYQMyQJ,"['indie poptimism', 'pop']",Labrinth,sad
Reflections,2xql0pid3EUwW38AsywxhV,"['modern alternative rock', 'modern rock', 'pop']",The Neighbourhood,sad
The Blonde,72cGBEqu7RitIOoACXYjfR,['pov: indie'],TV Girl,sad
Chamber Of Reflection,5oeOWXjH8NZFOWP0SpSXqV,"['edmonton indie', 'lo-fi indie', 'pov: indie']",Mac DeMarco,sad
I Wait for You,7EDcAz6iuKSkxH4VcC3Oko,[],alex_g_offline,sad
Nobody Gets Me,5Y35SjAfXjjG0sFQ3KOxmm,"['pop', 'r&b', 'rap']",SZA,sad
Treehouse,7fyG2MquxykO3Ufiku1Dj2,[],Alex G,sad
The Cut That Always Bleeds,7wTqEW5nrMhvyEhEyTnOMd,"['bedroom pop', 'pop', 'pov: indie']",Conan Gray,sad
How - demo,2lO8mP1QvI7RizGcBYQ7Mx,"['bedroom pop', 'indie pop', 'pov: indie']",Clairo,sad
I Wouldn't Mind,1XcFa5d1qoWdCIICnXlggj,"['alternative pop rock', 'neon pop punk', 'pixie', 'washington indie']",He Is We,sad
For the First Time,2R4AlwtrrkMaRKojcTIzmL,"['edmonton indie', 'lo-fi indie', 'pov: indie']",Mac DeMarco,sad
Destroy Myself Just For You,40Fmr4mXhz4PtrMAPTnoXB,['pittsburgh rap'],Montell Fish,sad
Brooklyn Baby,1NZs6n6hl8UuMaX0UC0YTz,"['art pop', 'pop']",Lana Del Rey,sad
Not Allowed,3IznIgmXtrUaoPWpQTy5jB,['pov: indie'],TV Girl,sad
Remember That Night?,1nYzjrdVQ8RpF93M0jPFW7,"['alt z', 'gen z singer-songwriter', 'modern indie pop']",Sara Kays,sad
Washing Machine Heart,3jjsRKEsF42ccXf8kWR3nu,"['brooklyn indie', 'pov: indie']",Mitski,sad
Pink Matter,1fOkmYW3ZFkkjIdOZSf596,"['lgbtq+ hip hop', 'neo soul']",Frank Ocean,sad
Poison Tree,6Q5uDNuuFYa8ToL3CCoHPC,"['ambient', 'ambient pop', 'art pop', 'dream pop', 'drone', 'electra', 'experimental ambient', 'experimental pop', 'modern dream pop', 'spectra']",Grouper,sad
Mama's Boy,0b6xZk9f96N77BfmYWnQNC,"['alternative pop rock', 'pov: indie']",Dominic Fike,sad
Car's Outside,0otRX6Z89qKkHkQ9OqJpKt,"['pop', 'talent show', 'uk pop']",James Arthur,sad
bad vibes forever (feat. PnB Rock & Trippie Redd),03eJ2DclFWXYU8GWgANdmZ,"['emo rap', 'miami hip hop', 'rap']",XXXTENTACION,sad
NUMB,01TnVDiet1DFTsyWKUKovl,"['emo rap', 'miami hip hop', 'rap']",XXXTENTACION,sad
Step On Me,6ZaiqbV2GfUtrUlhsu58fN,"['lilith', 'new wave pop', 'permanent wave', 'pop rock', 'swedish pop']",The Cardigans,sad
Cigarettes out the Window,6QeYSvYqYUsfBzsApbjDHO,['pov: indie'],TV Girl,sad
Teenage Dream,3GWaFFi6TlPcZLYmCCHZ9O,['singer-songwriter pop'],Stephen Dawes,sad
Bruises,4Of7rzpRpV1mWRbhp5rAqG,"['pop', 'uk pop']",Lewis Capaldi,sad
Hold Me While You Wait,60iSKGrGazRzICtMjADNSM,"['pop', 'uk pop']",Lewis Capaldi,sad
Hold On,5vjLSffimiIP26QG5WcN2K,"['acoustic pop', 'singer-songwriter pop']",Chord Overstreet,sad
Stay With Me,5Nm9ERjJZ5oyfXZTECKmRt,"['pop', 'uk pop']",Sam Smith,sad
Stay,2Yy0FsAV2I5VXU4xpph2WN,"['barbadian pop', 'pop', 'urban contemporary']",Rihanna,sad
When We Were Young,6O5TrlFWTYvznd9fMC0VvU,"['british soul', 'pop', 'pop soul', 'uk pop']",Adele,sad
Say Something,5TvE3pk05pyFIGdSY9j4DJ,"['neo mellow', 'piano rock', 'pop rock', 'viral pop']",A Great Big World,sad
Someone You Loved,7qEHsqek33rTcFNT9PFqLf,"['pop', 'uk pop']",Lewis Capaldi,sad
Jealous,4G92yYrUs0cvY7G41YRI0z,"['indie poptimism', 'pop']",Labrinth,sad
Apologize,1NrJYpdAi7uosDRPmSYrsG,"['piano rock', 'pop']",OneRepublic,sad
You Found Me,4IoYz8XqqdowINzfRrFnhi,"['neo mellow', 'piano rock', 'pop', 'pop rock']",The Fray,sad
Someone Like You,4kflIGfjdZJW4ot2ioixTB,"['british soul', 'pop', 'pop soul', 'uk pop']",Adele,sad
I'm Not The Only One,7795WJLVKJoAyVoOtCWqXN,"['pop', 'uk pop']",Sam Smith,sad
Lay Me Down,64GRDrL1efgXclrhVCeuA0,"['pop', 'uk pop']",Sam Smith,sad
Can I Be Him,0VhgEqMTNZwYL1ARDLLNCX,"['pop', 'talent show', 'uk pop']",James Arthur,sad
Make You Feel My Love,6P7tTFzn6oNa0GL8w8oazE,"['british soul', 'pop', 'pop soul', 'uk pop']",Adele,sad
All of Me,3U4isOIWM3VvDubwSI3y7a,"['neo soul', 'pop', 'pop soul', 'urban contemporary']",John Legend,sad
Little Things,0TAmnCzOtqRfvA38DDLTjj,"['boy band', 'pop', 'post-teen pop', 'talent show']",One Direction,sad
This Town,0qvzXomUDJVaUboy2wMfiS,['pop'],Niall Horan,sad
Impossible,5yVIlYEHZxQVLyInCdldoS,"['pop', 'talent show', 'uk pop']",James Arthur,sad
Set Fire to the Rain,5PKWUDfQFtc5qqo8cs1gQp,"['british soul', 'pop', 'pop soul', 'uk pop']",Adele,sad
It Will Rain,0M3HkE321xpCbCYqVKzr1q,"['dance pop', 'pop']",Bruno Mars,sad
a thousand years,6z5Yh7kOKeLjqIsNdokIpU,['pop'],Christina Perri,sad
Chasing Pavements,0Z5ok0QLLttAKsujOZYOXf,"['british soul', 'pop', 'pop soul', 'uk pop']",Adele,sad
Before You Go,2gMXnyrvIjhVBUZwvLZDMP,"['pop', 'uk pop']",Lewis Capaldi,sad
If the World Was Ending (feat. Julia Michaels),77MdvMx9L4ZQuLhhn3o21h,"['alt z', 'canadian contemporary r&b', 'singer-songwriter pop']",JP Saxe,sad
Those Eyes,50x1Ic8CaXkYNvjmxe3WXy,['toronto indie'],New West,sad
Arcade,1J14CdDAvBTE1AJYUOwl6C,['dutch pop'],Duncan Laurence,sad
How Long Will I Love You,3X003bO0MMxXEsJJxidiig,"['indietronica', 'metropopolis', 'pop', 'uk pop']",Ellie Goulding,sad
Remedy,1zZh6zTXcDgvN0C6S1G4gU,"['british soul', 'pop', 'pop soul', 'uk pop']",Adele,sad
I Won't Let You Go,2TUzU4IkfH8kcvY2MUlsd2,['neo mellow'],James Morrison,sad
Killing Me Softly With His Song,0Q0IVlqMV64kNLlwjPj0Hl,"['east coast hip hop', 'hip hop', 'neo soul', 'new jersey rap']",Fugees,sad
Fall in Love with You.,4kJT7Yj6Za01KfKHjb7mZE,['pittsburgh rap'],Montell Fish,sad
Let Her Go,1KxwZYyzWNyZSRyErj2ojT,"['alternative metal', 'nu metal', 'rap metal', 'rock', 'sacramento indie']",Passenger,sad
Qamarun,5Msgfzc4JXEfqNj0t8RzyT,"['malayalam madh', 'naat']",Ayisha Abdul Basith,sad
Your Power,042Sl6Mn83JHyLEqdK7uI0,"['art pop', 'pop']",Billie Eilish,sad
"i hate u, i love u (feat. olivia o'brien)",7vRriwrloYVaoAe3a9wJHe,['pop'],gnash,sad
Cinnamon Girl,2mdEsXPu8ZmkHRRtAdC09e,"['art pop', 'pop']",Lana Del Rey,sad
One Day,4Ey0LK1HzksUqm9JLzzKuD,['pop'],Tate McRae,sad
I Miss The Way You Were,2WZHhSwjnFYnTYJcwXNmBh,"['k-pop', 'pop']",I.U,sad
One Last Time,7xoUc6faLbCqZO6fQEYprd,['pop'],Ariana Grande,sad
Angels Like You,1daDRI9ahBonbWD8YcxOIB,['pop'],Miley Cyrus,sad
The Heart Wants What It Wants,6wJwkMo278iWVlWl1XQ4WA,['pop'],Selena Gomez,sad
Complicated,226PUvIuxGdceSijXXZRRz,"['alt z', 'pop']",Olivia O'Brien,sad
the grudge,3Nl5OkkmS5DaBZvuYofpAt,['pop'],Olivia Rodrigo,sad
Happiness is a butterfly,3lG6OtGDsYAOALxEmubQQm,"['art pop', 'pop']",Lana Del Rey,sad
Liability,6Kkt27YmFyIFrcX3QXFi2o,"['art pop', 'metropopolis', 'nz pop', 'pop']",Lorde,sad
A Lot More Free,0duALa6UlxVWqEqpmhv73p,[],Max McNown,sad
Falling,1ZMiCix7XSAbfAJlEZWMCp,['pop'],Harry Styles,sad
Sober,0STK94RxUulYqWzwFlyAb5,"['pop', 'post-teen pop']",Demi Lovato,sad
Video Games,0fBSs3fRoh1yJcne77fdu9,"['art pop', 'pop']",Lana Del Rey,sad
that way,7l97ElWmIdVHWUaOeeU5ZC,['pop'],Tate McRae,sad
Wrong Direction,5Qsp8mtshe70DX7EYbWZGo,['pop'],Hailee Steinfeld,sad
Six Feet Under,2VlLbhGLVJgdOW7kKdWWFc,"['art pop', 'pop']",Billie Eilish,sad
ceilings,2L9N0zZnd37dwF0clgxMGI,"['alt z', 'boston folk', 'indie pop', 'singer-songwriter pop']",Lizzy McAlpine,sad
Skinny Love,4RL77hMWUq35NYnPLXBpih,"['neo mellow', 'uk pop', 'viral pop']",Birdy,sad
Lost Without You,3cWI6Hj9LQ0MfMuhw9uSMc,['uk pop'],Freya Ridings,sad
Selfish,5UY8jf31X2hJkiAualFTyh,['pop'],Madison Beer,sad
Half A Man,1ugQtcwmKOXvKAYzhjncmv,"['australian pop', 'pop']",Dean Lewis,sad
champagne problems,0sY6ZUTh4yoctD8VIXz339,['pop'],Taylor Swift,sad
Stone Cold,3by8IfnW9dZ2t4pZw1WVxz,"['pop', 'post-teen pop']",Demi Lovato,sad
traitor,5CZ40GBx1sQ9agT82CLQCT,['pop'],Olivia Rodrigo,sad
From the Dining Table,1IF5UcqRO42D12vYwceOY6,['pop'],Harry Styles,sad
Lonely,6U1iuA5QfzYRPJxvdcxqtf,"['alt z', 'pop']",Noah Cyrus,sad
Consequences,7sTtHHrD0zDpmzQzH3zegz,"['dance pop', 'pop']",Camila Cabello,sad
Kill Em With Kindness - Acoustic,6pezb9EwyygkHnJqkjLphG,['pop'],Selena Gomez,sad
needy,1TEL6MlSSVLSdhOSddidlJ,['pop'],Ariana Grande,sad
Close To You,6D2tzc8kRnZb7P1lNwMBLH,"['barbadian pop', 'pop', 'urban contemporary']",Rihanna,sad
Something's Gotta Give,7IL3UOlcJ6nmcCMwpnlfcA,"['dance pop', 'pop']",Camila Cabello,sad
Exhale,6CagMrZXJUdGGIw6Eaepos,['pop'],Sabrina Carpenter,sad
Starting Over,3JOyLjAJ8ZPdZfAljempwu,[],Kayla Silverman,sad
I'm with You,1jlG3KJ3gdYmhfuySFfpO1,"['canadian pop', 'candy pop', 'dance pop', 'pop']",Avril Lavigne,sad
Sorry,44n97yHySt0Z9rqPaXgjCK,"['electropop', 'etherpop', 'indie poptimism', 'pop']",Halsey,sad
I Have Questions,3NgCzSW98SsqBdpYcnm4kv,"['dance pop', 'pop']",Camila Cabello,sad
Mrs. Potato Head,3K1tdhoeE6koNnWgAxEK9Y,"['alt z', 'electropop', 'pop']",Melanie Martinez,sad
tolerate it,0PurA4JVJ8YQgSVopY8fn6,['pop'],Taylor Swift,sad
Dancing With A Stranger (With Normani) - Acoustic,29f11nLUcMYQ2Ndbnb7N0o,"['pop', 'uk pop']",Sam Smith,sad
Getting Older,4HOryCnbme0zBnF8LWij3f,"['art pop', 'pop']",Billie Eilish,sad
The One That Got Away - Acoustic,5jx8tCxiO0uIbo2uNia23K,['pop'],Katy Perry,sad
If You Leave,65UuB3peBD72GS1fzVWVt6,[],Jessica Bouhez,sad
River Of Tears,3ArYVrRb0lDBLzuJJqIXzC,"['canadian contemporary r&b', 'canadian pop', 'pop']",Alessia Cara,sad
Lose You To Love Me,4l0Mvzj72xxOpRrp6h8nHi,['pop'],Selena Gomez,sad
Trains,6qGTkyjfNRk53FEQjrnP8S,[],PETER LAKE,sad
Death Of Us,3t7ybOh1oLqm0EOpLE3f7f,[],Ryan Nevis,sad
august,3hUxzQpSfdDqwM3ZTFQY0K,['pop'],Taylor Swift,sad
Photograph,1HNkqx9Ahdgi1Ixy2xkKkL,"['pop', 'singer-songwriter pop', 'uk pop']",Ed Sheeran,sad
Reckless,5ajjAnNRh8bxFvaVHzpPjh,['pop'],Madison Beer,sad
Love Yourself,50kpGaPAhYJ3sGmk6vplg0,"['canadian pop', 'pop']",Justin Bieber,sad
Better Memories,1atRAsoC39RI4d3Zsmo3b7,[],Jeffrey Philip Nelson,sad
Easy On Me,46IZ0fSY2mpAiktS3KOqds,"['british soul', 'pop', 'pop soul', 'uk pop']",Adele,sad
Always Remember Us This Way,2rbDhOo9Fh61Bbu23T2qCk,"['art pop', 'dance pop', 'pop']",Lady Gaga,sad
Pacify Her,360Wr96ywrCQq4kTAJ8Pq6,"['alt z', 'electropop', 'pop']",Melanie Martinez,sad
exile (feat. Bon Iver),4pvb0WLRcMtbPGmtejJJ6y,['pop'],Taylor Swift,sad
Without Me,5p7ujcrUXASCNwRaWNHR1C,"['electropop', 'etherpop', 'indie poptimism', 'pop']",Halsey,sad
Jad's Right,06oIC8TbaYxlZDDbgMOL4J,[],PETER LAKE,sad
Shallow,2VxeLyX666F8uXCJ0dZF8B,"['art pop', 'dance pop', 'pop']",Lady Gaga,sad
Without You,6g4RVB6qiuySTw9FCV1HEM,"['art pop', 'pop']",Lana Del Rey,sad
Cherry,1Ym6aMuT5bliaZMC67AmPp,"['art pop', 'pop']",Lana Del Rey,sad
illicit affairs,2NmsngXHeC1GQ9wWrzhOMf,['pop'],Taylor Swift,sad
Out Of Love,4WzhjxvLP95y7AMDy0Atwb,"['canadian contemporary r&b', 'canadian pop', 'pop']",Alessia Cara,sad
My Immortal,4UzVcXufOhGUwF56HT7b8M,['alternative metal'],Evanescence,sad
Hello,62PaSfnXSMyLshYJrlTuL3,"['british soul', 'pop', 'pop soul', 'uk pop']",Adele,sad
Because of You,0gJvqi9QyASOCtJu99tytc,"['dance pop', 'pop', 'talent show']",Kelly Clarkson,sad
Teach Me,1srnHRDpaEpUpFoXy6C5L5,[],Sidney Bowen,sad
Let It Go,3nnG7AM9QopHVPEuLX3Khk,"['neo mellow', 'pop', 'uk pop']",James Bay,sad
Meet Me in the Hallway,4u9Y4Z9i9VaAbBK7rW1Rha,['pop'],Harry Styles,sad
better off,3NbTQ8ZbHU6MSEVUFAVCJ9,['pop'],Ariana Grande,sad
21,5meVa5klVlJalupZTvv5XX,['alt z'],Gracie Abrams,sad
High By The Beach,7g3htkaLz4ETFn0cifwM3y,"['art pop', 'pop']",Lana Del Rey,sad
ghostin,2vdBo4ALPYbHRUPKgtE5iC,['pop'],Ariana Grande,sad
When You're Gone,54JKnDB3CzVu8wNAOM27BI,"['canadian pop', 'candy pop', 'dance pop', 'pop']",Avril Lavigne,sad
Old Money,6IfPyMb0Sxptpx6jBUATOS,"['art pop', 'pop']",Lana Del Rey,sad
Mercy - Acoustic,0uZnF1sn2IcNCvnyAIKNMQ,"['canadian pop', 'pop', 'viral pop']",Shawn Mendes,sad
Art Deco,5jqNQZBwbZWQXPWfo0ygZF,"['art pop', 'pop']",Lana Del Rey,sad
i can't breathe,1qFMIjTe9esCDiytqUY19t,"['alt z', 'pop', 'talent show']",Bea Miller,sad
Best Mistake,70yhaHLp9STtzI2Kzba6Tr,['pop'],Ariana Grande,sad
I Don't Care,7xagQoIf776ukUlgH4TyyB,['pop'],Ariana Grande,sad
Everybody Dies,5jhBwnqzNNrENXnYrAdoCe,"['art pop', 'pop']",Billie Eilish,sad
logical,53dtP2iUMvaF28JZcHnFuU,['pop'],Olivia Rodrigo,sad
Shooting Star,0CiIXfGLOsmqcYHzTyT0bv,"['afro house', 'deep house', 'south african electronic']",2Sides,sad
Beautiful,3TCauNPqFiniaYHBvEVoHG,"['dance pop', 'pop']",Christina Aguilera,sad
Little Do You Know,1almCHdsfikRPfVB9VrEdT,"['pop', 'post-teen pop', 'viral pop']",Alex & Sierra,sad
human,4IqcDJPzDL8Hq8KwAX4jUE,['pop'],Christina Perri,sad
Fire On Fire,7t3Xdbufg7q2onVsR8RBdY,"['pop', 'uk pop']",Sam Smith,sad
All I Ask,05TOt5Vz4StdjMpEdFPlvB,"['british soul', 'pop', 'pop soul', 'uk pop']",Adele,sad
California,7oTE1KmtU2ml9zBhv9Reao,"['art pop', 'pop']",Lana Del Rey,sad
Used To Be Young,0Nfh4u0J4bajcyp5pzaWCx,['pop'],Miley Cyrus,sad
Special,6RQ5IwG7uADz9LDWliJGjU,"['pop', 'r&b', 'rap']",SZA,sad
happiness,73YUReisjb3A9ActdLLjJQ,['pop'],Taylor Swift,sad
Black Friday,1XTY6rA7XQosc0ynkkE9kN,['chill pop'],Tom Odell,sad
Too Much To Ask,39jXnbACjiaiTwwhsr5sY5,['pop'],Niall Horan,sad
Solo,2jm0UrP5A9ccJ3twMI8cVq,['singer-songwriter pop'],Myles Smith,sad
My Love Mine All Mine,3vkCueOmm7xQDoJ17W1Pm3,"['brooklyn indie', 'pov: indie']",Mitski,sad
"1 step forward, 3 steps back",4wcBRRpIfesgcyUtis7PEg,['pop'],Olivia Rodrigo,sad
A Year Ago,3DBJE1Zndql25OGUQSv7aD,"['pop', 'talent show', 'uk pop']",James Arthur,sad
emails i can’t send,2qLyo5FeWquE7HBUbcVnEy,['pop'],Sabrina Carpenter,sad
this is me trying,7kt9e9LFSpN1zQtYEl19o1,['pop'],Taylor Swift,sad
Hurtless,6HJizCbaqaEQG1eLjn341Z,"['australian pop', 'pop']",Dean Lewis,sad
enough for you,2TOzTqQXNmR2zDJXihjZ2e,['pop'],Olivia Rodrigo,sad
People Help the People,0YywjDvFudcaHG74NuWISy,"['neo mellow', 'uk pop', 'viral pop']",Birdy,sad
Heal,4KlL5Bwlm4yHYxr0B2rHci,['chill pop'],Tom Odell,sad
The Archer,3pHkh7d0lzM2AldUtz2x37,['pop'],Taylor Swift,sad
Lost Boy,0zMzyHAeMvwq5CRstru1Fp,"['alt z', 'canadian contemporary r&b', 'canadian pop', 'pop']",Ruth B.,sad
Naked,2fmyrECK6bdfoGven0UMZx,"['pop', 'talent show', 'uk pop']",James Arthur,sad
i wish i hated you,6ktoQBpMjWdKbfOdHeudpE,['pop'],Ariana Grande,sad
How Do I Say Goodbye,5hnGrTBaEsdukpDF6aZg8a,"['australian pop', 'pop']",Dean Lewis,sad
chaotic,4bt7eqP7mfWduRBKEpCAzM,['pop'],Tate McRae,sad
What A Time (feat. Niall Horan),5WtfUKzXircvW8l5aaVZWT,['pop'],Julia Michaels,sad
Superficial Love,5hwh37sTi84MVhCBMWzhGE,"['alt z', 'canadian contemporary r&b', 'canadian pop', 'pop']",Ruth B.,sad
favorite crime,5JCoSi02qi3jJeHdZXMmR8,['pop'],Olivia Rodrigo,sad
my tears ricochet,1MgV7FIyNxIG7WzMRJV5HC,['pop'],Taylor Swift,sad
Chamber of Reflection,1rcnbeovJnCUHDwImmpTNp,[],Your Anxiety Buddy,sad
